{
    "keep": {
        "days": false,
        "amount": 7
    },
    "auditLog": "/Users/hanjeongseol/Documents/YAMPLI/yampli_server/src/config/logs/all/.578c387a4d80e0ebf633a5266a3f962b8ee58c1f-audit.json",
    "files": [
        {
            "date": 1702026104747,
            "name": "/Users/hanjeongseol/Documents/YAMPLI/yampli_server/src/config/logs/all/2023-12-08.all.log",
            "hash": "7a1bb9e2391d4baa68767e933b02a548be54223520fa851b6a28f6c1141fe4c0"
        },
        {
            "date": 1702441641645,
            "name": "/Users/hanjeongseol/Documents/YAMPLI/yampli_server/src/config/logs/all/2023-12-13.all.log",
            "hash": "a9d5cdadb95c4df7a9e59315169a3cf6e45d2b1ed18fa77104d12bcd9e60cd93"
        },
        {
            "date": 1702612741216,
            "name": "/Users/hanjeongseol/Documents/YAMPLI/yampli_server/src/config/logs/all/2023-12-15.all.log",
            "hash": "c6fe35f487d892110a7809419cd24f88de2c817e4fd6c5215ab9a185cd0c3e31"
        },
        {
            "date": 1702871633398,
            "name": "/Users/hanjeongseol/Documents/YAMPLI/yampli_server/src/config/logs/all/2023-12-18.all.log",
            "hash": "9017d5d00d51b24d0189d0d0ed62ac9f94b9c72da633de6c820bf678c321d4a2"
        },
        {
            "date": 1702953315864,
            "name": "/Users/hanjeongseol/Documents/YAMPLI/yampli_server/src/config/logs/all/2023-12-19.all.log",
            "hash": "cfc2760ae5e790b9ff8f472220b8999185907a2669ac833d499c506246fb7c4e"
        },
        {
            "date": 1703054532759,
            "name": "/Users/hanjeongseol/Documents/YAMPLI/yampli_server/src/config/logs/all/2023-12-20.all.log",
            "hash": "1ef34d984a20b74537673dd83ed58af2f44375196412eed205a01113a25cd0c9"
        },
        {
            "date": 1703130028751,
            "name": "/Users/hanjeongseol/Documents/YAMPLI/yampli_server/src/config/logs/all/2023-12-21.all.log",
            "hash": "cda5b662e24194c899634c94b857a096b5b9934db82202754e4dd1c92fafa95e"
        }
    ],
    "hashType": "sha256"
}