{
    "keep": {
        "days": false,
        "amount": 30
    },
    "auditLog": "/Users/hanjeongseol/Documents/YAMPLI/yampli_server/src/config/logs/error/.3befc28c770e9effa76bfdb167734e7c77d33f12-audit.json",
    "files": [
        {
            "date": 1693289428030,
            "name": "/Users/hanjeongseol/Documents/YAMPLI/yampli_server/src/config/logs/error/2023-08-29.error.log",
            "hash": "3fa06156922bdd1eb8a0e0913e953b9900b2eabb92897dfa20a428667929dccd"
        },
        {
            "date": 1693358210669,
            "name": "/Users/hanjeongseol/Documents/YAMPLI/yampli_server/src/config/logs/error/2023-08-30.error.log",
            "hash": "c1eb5e7df5b8ed33c0ea5d1efffee907eadd0f8b9089b1b1df4ab93203128cb8"
        },
        {
            "date": 1693450635503,
            "name": "/Users/hanjeongseol/Documents/YAMPLI/yampli_server/src/config/logs/error/2023-08-31.error.log",
            "hash": "7cd857fb7bc85bb3f18560ea2c95e9a74241ae506c8d18cbd5117df227175940"
        },
        {
            "date": 1693530456136,
            "name": "/Users/hanjeongseol/Documents/YAMPLI/yampli_server/src/config/logs/error/2023-09-01.error.log",
            "hash": "fe0250389f3c93c531b29cf6f3773372e0b16abf4f6bf418ef303c8a0058e27e"
        },
        {
            "date": 1693789880921,
            "name": "/Users/hanjeongseol/Documents/YAMPLI/yampli_server/src/config/logs/error/2023-09-04.error.log",
            "hash": "85ada334cac4a6ecd4ecc4e4a40ef64a8d4863397d6f833be61439636dcaf25e"
        },
        {
            "date": 1693964121491,
            "name": "/Users/hanjeongseol/Documents/YAMPLI/yampli_server/src/config/logs/error/2023-09-06.error.log",
            "hash": "6875c179fac9e5dcc489995fae1e5e1717b4b20d7043dfacab994d9c1af3bc9e"
        },
        {
            "date": 1694404571964,
            "name": "/Users/hanjeongseol/Documents/YAMPLI/yampli_server/src/config/logs/error/2023-09-11.error.log",
            "hash": "1d01694417e3d029bb2e9376f1580795c8bff5924d10f71cbcd658886893d9de"
        },
        {
            "date": 1697171700409,
            "name": "/Users/hanjeongseol/Documents/YAMPLI/yampli_server/src/config/logs/error/2023-10-13.error.log",
            "hash": "1e70888d513d75c8a3b829c69eedf43dde1e025a5eb230e33f24720d7b7f7dff"
        },
        {
            "date": 1697779209454,
            "name": "/Users/hanjeongseol/Documents/YAMPLI/yampli_server/src/config/logs/error/2023-10-20.error.log",
            "hash": "eb6f8aca66810a7d2784af5e9814584b3207650894f78df5876e10644d9669f1"
        },
        {
            "date": 1698118160918,
            "name": "/Users/hanjeongseol/Documents/YAMPLI/yampli_server/src/config/logs/error/2023-10-24.error.log",
            "hash": "bd39ac6b91901d555dcdfc1a2b36cb961464fa3a15751a47369bae0bdfe90e12"
        },
        {
            "date": 1698219224500,
            "name": "/Users/hanjeongseol/Documents/YAMPLI/yampli_server/src/config/logs/error/2023-10-25.error.log",
            "hash": "fd36cedb23903b9fb8eced13fff4b3e2335fad5a89dd7608810c19f2928bb7ce"
        },
        {
            "date": 1698300019458,
            "name": "/Users/hanjeongseol/Documents/YAMPLI/yampli_server/src/config/logs/error/2023-10-26.error.log",
            "hash": "fd2ca8a27eab5f214f832a555170265c4507747b1c2454fc34e7da25912f060b"
        },
        {
            "date": 1699339956606,
            "name": "/Users/hanjeongseol/Documents/YAMPLI/yampli_server/src/config/logs/error/2023-11-07.error.log",
            "hash": "23b004d612866a6471343d74353ee2b00ad203d1fc50b42fc23f03ee57cc54aa"
        },
        {
            "date": 1699410440440,
            "name": "/Users/hanjeongseol/Documents/YAMPLI/yampli_server/src/config/logs/error/2023-11-08.error.log",
            "hash": "a63abecc5ade02cc0ef05a2d4497ff9c66c8cb8d95b65831dff24a0bd1cd427b"
        },
        {
            "date": 1700028892156,
            "name": "/Users/hanjeongseol/Documents/YAMPLI/yampli_server/src/config/logs/error/2023-11-15.error.log",
            "hash": "57be80bcf3f9d8d409677ec5fa451549142f05f00b10aa0e1e2c74a40a5ae626"
        },
        {
            "date": 1700109731886,
            "name": "/Users/hanjeongseol/Documents/YAMPLI/yampli_server/src/config/logs/error/2023-11-16.error.log",
            "hash": "e3a0cd5ed6f139a87f9d3719defafcf1e3b5ec31256a98e5c43a1c6381b0788e"
        },
        {
            "date": 1700458275332,
            "name": "/Users/hanjeongseol/Documents/YAMPLI/yampli_server/src/config/logs/error/2023-11-20.error.log",
            "hash": "8da54a3587357c1be1b7726e0395b85d695eb650302ae3a90cb641dff75d6b0b"
        },
        {
            "date": 1700713175193,
            "name": "/Users/hanjeongseol/Documents/YAMPLI/yampli_server/src/config/logs/error/2023-11-23.error.log",
            "hash": "e639b69eb9fce216c14957f6a5aa53248761d9727a094c9c95423b43cdd5d714"
        },
        {
            "date": 1701233948551,
            "name": "/Users/hanjeongseol/Documents/YAMPLI/yampli_server/src/config/logs/error/2023-11-29.error.log",
            "hash": "76c1ee47529cc5653fff91f0adc266f5720492888d9e2cb14807473cb8591b7b"
        },
        {
            "date": 1701408000688,
            "name": "/Users/hanjeongseol/Documents/YAMPLI/yampli_server/src/config/logs/error/2023-12-01.error.log",
            "hash": "6a996fcd3a004ea0c3fe1b8f7df7e7f7dc71d23f4a079a0a0a1144b329ea714e"
        },
        {
            "date": 1701678721762,
            "name": "/Users/hanjeongseol/Documents/YAMPLI/yampli_server/src/config/logs/error/2023-12-04.error.log",
            "hash": "fe2430c1727202ab48cfdcff3460fa5a53ff5ab5ac90276523bbb6bf104a1ee7"
        },
        {
            "date": 1701835119654,
            "name": "/Users/hanjeongseol/Documents/YAMPLI/yampli_server/src/config/logs/error/2023-12-06.error.log",
            "hash": "ba3239a3970efa1e1d817432de4cee3b48be6cc41d163ffab3c790ba0255679a"
        },
        {
            "date": 1701927353843,
            "name": "/Users/hanjeongseol/Documents/YAMPLI/yampli_server/src/config/logs/error/2023-12-07.error.log",
            "hash": "03f605a10de82e34930277c0fba84c6cbc569fd1f33d5452bc67996366378770"
        },
        {
            "date": 1702026104742,
            "name": "/Users/hanjeongseol/Documents/YAMPLI/yampli_server/src/config/logs/error/2023-12-08.error.log",
            "hash": "b7029eb8ee4f4d4063aeb5c8b391206e2911564fcc06fe1a47f1dcb63e3023a0"
        },
        {
            "date": 1702441641636,
            "name": "/Users/hanjeongseol/Documents/YAMPLI/yampli_server/src/config/logs/error/2023-12-13.error.log",
            "hash": "c0ee4d90b785d0f15134bcbbc4151b322f0882e3ac6232bfb52bccbfa4527230"
        },
        {
            "date": 1702612741212,
            "name": "/Users/hanjeongseol/Documents/YAMPLI/yampli_server/src/config/logs/error/2023-12-15.error.log",
            "hash": "0a3f7cda40f13783bc0e96dfaa0158c20678eb51d60ab55fc9f929ad2b540f3d"
        },
        {
            "date": 1702871633392,
            "name": "/Users/hanjeongseol/Documents/YAMPLI/yampli_server/src/config/logs/error/2023-12-18.error.log",
            "hash": "ab0ea3ddd6af85db1673bd852c636155416305b2405c6eec7bafb1e268f55e27"
        },
        {
            "date": 1702953315857,
            "name": "/Users/hanjeongseol/Documents/YAMPLI/yampli_server/src/config/logs/error/2023-12-19.error.log",
            "hash": "9be70f95e613af2a18de04e77ae586e4700f7161cd32cb7fba4b23d876e68b7f"
        },
        {
            "date": 1703054532753,
            "name": "/Users/hanjeongseol/Documents/YAMPLI/yampli_server/src/config/logs/error/2023-12-20.error.log",
            "hash": "380f0cbae22d848d5a2807fbc97e84f95b71548987db6bc7d506f44963cd07c4"
        },
        {
            "date": 1703130028745,
            "name": "/Users/hanjeongseol/Documents/YAMPLI/yampli_server/src/config/logs/error/2023-12-21.error.log",
            "hash": "f60e2e22245e2257af185b3d30cdc09d7bfc3ffc5eeaf3594fdc3de79bdb3644"
        }
    ],
    "hashType": "sha256"
}